{
    "tts_objecive_metrics": {
        "VDE": {
            "0": 0.32608695652173914,
            "1": 0.3808864265927978,
            "2": 0.37037037037037035,
            "3": 0.32323232323232326,
            "4": 0.2800982800982801,
            "5": 0.3467153284671533,
            "6": 0.26714801444043323,
            "7": 0.28164556962025317,
            "8": 0.3686274509803922,
            "9": 0.2375,
            "10": 0.13612565445026178,
            "11": 0.37117903930131,
            "12": 0.20535714285714285,
            "13": 0.28346456692913385,
            "14": 0.37573385518590996,
            "15": 0.3645320197044335,
            "16": 0.2978723404255319,
            "17": 0.27,
            "18": 0.434640522875817,
            "19": 0.4576271186440678,
            "20": 0.3628865979381443,
            "21": 0.3505654281098546,
            "22": 0.2850467289719626,
            "23": 0.4233128834355828,
            "24": 0.3801980198019802,
            "25": 0.4055299539170507,
            "26": 0.2663755458515284,
            "27": 0.30930930930930933,
            "28": 0.3569482288828338,
            "29": 0.3067484662576687,
            "30": 0.24675324675324675,
            "31": 0.20261437908496732,
            "stats": {
                "mean": 0.32109786778160876,
                "std": 0.07122741599312542,
                "max": 0.4576271186440678,
                "argmax": 19.0,
                "min": 0.13612565445026178,
                "argmin": 10.0
            }
        },
        "GPE": {
            "0": 1.0,
            "1": 0.44,
            "2": 1.0,
            "3": 0.6666666666666666,
            "4": 0.38461538461538464,
            "5": 0.75,
            "6": 0.6363636363636364,
            "7": 0.0,
            "8": 0.8888888888888888,
            "9": 0.7272727272727273,
            "10": NaN,
            "11": 0.3620689655172414,
            "12": NaN,
            "13": 0.4782608695652174,
            "14": 0.22580645161290322,
            "15": 0.9375,
            "16": 0.3111111111111111,
            "17": 0.2,
            "18": 0.0,
            "19": 0.22580645161290322,
            "20": 0.2553191489361702,
            "21": 0.2777777777777778,
            "22": 0.0,
            "23": 0.28,
            "24": 0.5,
            "25": 0.8928571428571429,
            "26": 0.75,
            "27": 0.75,
            "28": 0.28846153846153844,
            "29": 0.0,
            "30": 0.1,
            "31": 0.04,
            "stats": {
                "mean": NaN,
                "std": NaN,
                "max": NaN,
                "argmax": 10.0,
                "min": NaN,
                "argmin": 10.0
            }
        },
        "FFE": {
            "0": 0.3521739130434783,
            "1": 0.3961218836565097,
            "2": 0.46502057613168724,
            "3": 0.3434343434343434,
            "4": 0.3046683046683047,
            "5": 0.3686131386861314,
            "6": 0.2924187725631769,
            "7": 0.28164556962025317,
            "8": 0.4,
            "9": 0.25416666666666665,
            "10": 0.13612565445026178,
            "11": 0.4017467248908297,
            "12": 0.20535714285714285,
            "13": 0.3123359580052493,
            "14": 0.38943248532289626,
            "15": 0.43842364532019706,
            "16": 0.32269503546099293,
            "17": 0.2733333333333333,
            "18": 0.434640522875817,
            "19": 0.4774011299435028,
            "20": 0.38762886597938145,
            "21": 0.3667205169628433,
            "22": 0.2850467289719626,
            "23": 0.4447852760736196,
            "24": 0.403960396039604,
            "25": 0.5207373271889401,
            "26": 0.35807860262008734,
            "27": 0.32732732732732733,
            "28": 0.3773841961852861,
            "29": 0.3067484662576687,
            "30": 0.2554112554112554,
            "31": 0.20588235294117646,
            "stats": {
                "mean": 0.3465458160278102,
                "std": 0.08424795814289927,
                "max": 0.5207373271889401,
                "argmax": 25.0,
                "min": 0.13612565445026178,
                "argmin": 10.0
            }
        },
        "DTW": {
            "0": 5.356096267700195,
            "1": 3.397463083267212,
            "2": 24.2596435546875,
            "3": 9.18641185760498,
            "4": 6.834841251373291,
            "5": 6.783525466918945,
            "6": 3.006857395172119,
            "7": 5.93477725982666,
            "8": 8.787086486816406,
            "9": 7.037007808685303,
            "10": 1.522566795349121,
            "11": 4.953455448150635,
            "12": 3.4195265769958496,
            "13": 6.196735858917236,
            "14": 4.907339572906494,
            "15": 11.597433090209961,
            "16": 3.548765182495117,
            "17": 3.248216152191162,
            "18": 3.8858144283294678,
            "19": 4.726425647735596,
            "20": 4.498885154724121,
            "21": 5.870519161224365,
            "22": 3.568920612335205,
            "23": 6.763134002685547,
            "24": 4.9419426918029785,
            "25": 7.8592939376831055,
            "26": 4.68310022354126,
            "27": 5.632950305938721,
            "28": 5.559643745422363,
            "29": 2.530979871749878,
            "30": 3.2560477256774902,
            "31": 4.866219997406006,
            "stats": {
                "mean": 5.894425831735134,
                "std": 3.8963324538407216,
                "max": 24.2596435546875,
                "argmax": 2.0,
                "min": 1.522566795349121,
                "argmin": 10.0
            }
        },
        "MSD": {
            "0": 2.6471710205078125,
            "1": 2.2553837299346924,
            "2": 3.2870423793792725,
            "3": 3.1174516677856445,
            "4": 2.7694954872131348,
            "5": 2.6555445194244385,
            "6": 2.8578460216522217,
            "7": 2.709317922592163,
            "8": 2.8961405754089355,
            "9": 2.5293922424316406,
            "10": 3.586590051651001,
            "11": 2.547706365585327,
            "12": 3.0754356384277344,
            "13": 2.9970295429229736,
            "14": 2.9581820964813232,
            "15": 2.947925567626953,
            "16": 2.404212713241577,
            "17": 2.706063985824585,
            "18": 2.680609703063965,
            "19": 2.5291919708251953,
            "20": 2.3727715015411377,
            "21": 2.5050182342529297,
            "22": 2.601407289505005,
            "23": 2.649296283721924,
            "24": 2.5670926570892334,
            "25": 3.108572244644165,
            "26": 3.2969441413879395,
            "27": 2.4856653213500977,
            "28": 2.822794198989868,
            "29": 2.4600601196289062,
            "30": 2.7901647090911865,
            "31": 3.1997900009155273,
            "stats": {
                "mean": 2.7817909345030785,
                "std": 0.3042986106487836,
                "max": 3.586590051651001,
                "argmax": 10.0,
                "min": 2.2553837299346924,
                "argmin": 1.0
            }
        },
        "MCD": {
            "0": 5.8613200187683105,
            "1": 4.873358249664307,
            "2": 6.8516364097595215,
            "3": 7.020806789398193,
            "4": 5.993397235870361,
            "5": 5.517516136169434,
            "6": 6.516144275665283,
            "7": 5.624349117279053,
            "8": 6.302392482757568,
            "9": 5.306027412414551,
            "10": 8.477367401123047,
            "11": 5.1868577003479,
            "12": 7.02086067199707,
            "13": 6.424354076385498,
            "14": 6.284626007080078,
            "15": 6.181063175201416,
            "16": 5.076173305511475,
            "17": 5.887073516845703,
            "18": 5.86831521987915,
            "19": 5.19387674331665,
            "20": 4.712651252746582,