{
    "tts_objecive_metrics": {
        "VDE": {
            "0": 0.4608695652173913,
            "1": 0.314404432132964,
            "2": 0.37037037037037035,
            "3": 0.19696969696969696,
            "4": 0.29238329238329236,
            "5": 0.33211678832116787,
            "6": 0.30685920577617326,
            "7": 0.2974683544303797,
            "8": 0.37254901960784315,
            "9": 0.26666666666666666,
            "10": 0.09424083769633508,
            "11": 0.39592430858806404,
            "12": 0.29910714285714285,
            "13": 0.29658792650918636,
            "14": 0.37573385518590996,
            "15": 0.43842364532019706,
            "16": 0.28191489361702127,
            "17": 0.25,
            "18": 0.35947712418300654,
            "19": 0.4576271186440678,
            "20": 0.27628865979381445,
            "21": 0.3360258481421648,
            "22": 0.35046728971962615,
            "23": 0.34355828220858897,
            "24": 0.3405940594059406,
            "25": 0.42857142857142855,
            "26": 0.4192139737991266,
            "27": 0.3303303303303303,
            "28": 0.33923705722070846,
            "29": 0.25766871165644173,
            "30": 0.2943722943722944,
            "31": 0.24183006535947713,
            "stats": {
                "mean": 0.32555788265802554,
                "std": 0.07547528995741401,
                "max": 0.4608695652173913,
                "argmax": 0.0,
                "min": 0.09424083769633508,
                "argmin": 10.0
            }
        },
        "GPE": {
            "0": 0.5,
            "1": 0.35294117647058826,
            "2": 0.8888888888888888,
            "3": 0.2,
            "4": 0.8333333333333334,
            "5": 0.6,
            "6": 0.08333333333333333,
            "7": 0.75,
            "8": 0.6428571428571429,
            "9": 0.5454545454545454,
            "10": NaN,
            "11": 0.21428571428571427,
            "12": 0.8333333333333334,
            "13": 0.07142857142857142,
            "14": 0.13513513513513514,
            "15": 0.8333333333333334,
            "16": 0.2903225806451613,
            "17": 0.5,
            "18": 0.125,
            "19": 0.38235294117647056,
            "20": 0.1111111111111111,
            "21": 0.12903225806451613,
            "22": 0.4090909090909091,
            "23": 0.37037037037037035,
            "24": 0.13333333333333333,
            "25": 0.1,
            "26": 0.09090909090909091,
            "27": 0.42857142857142855,
            "28": 0.5555555555555556,
            "29": 0.38095238095238093,
            "30": 0.8333333333333334,
            "31": 0.6666666666666666,
            "stats": {
                "mean": NaN,
                "std": NaN,
                "max": NaN,
                "argmax": 10.0,
                "min": NaN,
                "argmin": 10.0
            }
        },
        "FFE": {
            "0": 0.4782608695652174,
            "1": 0.32271468144044324,
            "2": 0.43621399176954734,
            "3": 0.20202020202020202,
            "4": 0.31695331695331697,
            "5": 0.354014598540146,
            "6": 0.3104693140794224,
            "7": 0.31645569620253167,
            "8": 0.40784313725490196,
            "9": 0.2791666666666667,
            "10": 0.09424083769633508,
            "11": 0.40465793304221254,
            "12": 0.34375,
            "13": 0.30183727034120733,
            "14": 0.38551859099804303,
            "15": 0.4630541871921182,
            "16": 0.2978723404255319,
            "17": 0.2733333333333333,
            "18": 0.369281045751634,
            "19": 0.4943502824858757,
            "20": 0.2845360824742268,
            "21": 0.34248788368336025,
            "22": 0.37149532710280375,
            "23": 0.37423312883435583,
            "24": 0.3485148514851485,
            "25": 0.43317972350230416,
            "26": 0.4279475982532751,
            "27": 0.33933933933933935,
            "28": 0.36648501362397823,
            "29": 0.2822085889570552,
            "30": 0.31601731601731603,
            "31": 0.27450980392156865,
            "stats": {
                "mean": 0.34415509227979435,
                "std": 0.0795339372402233,
                "max": 0.4943502824858757,
                "argmax": 19.0,
                "min": 0.09424083769633508,
                "argmin": 10.0
            }
        },
        "DTW": {
            "0": 3.852240800857544,
            "1": 4.372716903686523,
            "2": 34.75709915161133,
            "3": 5.2583231925964355,
            "4": 6.443982124328613,
            "5": 3.623690366744995,
            "6": 7.04311990737915,
            "7": 9.714102745056152,
            "8": 7.165955543518066,
            "9": 3.2711832523345947,
            "10": 1.8276326656341553,
            "11": 3.190639019012451,
            "12": 7.460419178009033,
            "13": 6.280323505401611,
            "14": 5.337457656860352,
            "15": 9.619057655334473,
            "16": 2.9799623489379883,
            "17": 3.849346160888672,
            "18": 3.0991458892822266,
            "19": 5.287609100341797,
            "20": 4.012409687042236,
            "21": 5.903592109680176,
            "22": 3.794881582260132,
            "23": 6.6107611656188965,
            "24": 7.1581268310546875,
            "25": 4.457668304443359,
            "26": 3.6329593658447266,
            "27": 6.758491039276123,
            "28": 5.136282444000244,
            "29": 5.678728103637695,
            "30": 2.5124027729034424,
            "31": 4.006173133850098,
            "stats": {
                "mean": 6.065515115857124,
                "std": 5.488556126910062,
                "max": 34.75709915161133,
                "argmax": 2.0,
                "min": 1.8276326656341553,
                "argmin": 10.0
            }
        },
        "MSD": {
            "0": 2.5432350635528564,
            "1": 2.4272866249084473,
            "2": 4.111939430236816,
            "3": 2.9267728328704834,
            "4": 3.2602221965789795,
            "5": 2.4994702339172363,
            "6": 2.7326786518096924,
            "7": 3.0451347827911377,
            "8": 2.2358734607696533,
            "9": 2.43426513671875,
            "10": 2.7239344120025635,
            "11": 2.4906418323516846,
            "12": 2.4605629444122314,
            "13": 2.5365564823150635,
            "14": 2.6649980545043945,
            "15": 3.01067852973938,
            "16": 2.3474626541137695,
            "17": 2.988797664642334,
            "18": 2.4270644187927246,
            "19": 2.3543777465820312,
            "20": 2.4543776512145996,
            "21": 2.3353960514068604,
            "22": 2.863240957260132,
            "23": 2.4886600971221924,
            "24": 3.464801549911499,
            "25": 2.9590530395507812,
            "26": 3.79766845703125,
            "27": 3.352786064147949,
            "28": 3.163752794265747,
            "29": 2.6947362422943115,
            "30": 2.3598573207855225,
            "31": 3.0519683361053467,
            "stats": {
                "mean": 2.7877578660845757,
                "std": 0.443279410399625,
                "max": 4.111939430236816,
                "argmax": 2.0,
                "min": 2.2358734607696533,
                "argmin": 8.0
            }
        },
        "MCD": {
            "0": 5.508711814880371,
            "1": 4.960903167724609,
            "2": 9.54970645904541,
            "3": 6.320079326629639,
            "4": 7.375249862670898,
            "5": 5.294613838195801,
            "6": 5.829928398132324,
            "7": 6.614632606506348,
            "8": 4.526468276977539,
            "9": 5.188194274902344,
            "10": 6.298281192779541,
            "11": 5.228036880493164,
            "12": 5.114062309265137,
            "13": 4.870480537414551,
            "14": 5.372792720794678,
            "15": 6.181131839752197,