{
    "tts_objecive_metrics": {
        "VDE": {
            "0": 0.45217391304347826,
            "1": 0.3670360110803324,
            "2": 0.4403292181069959,
            "3": 0.21717171717171718,
            "4": 0.28746928746928746,
            "5": 0.4708029197080292,
            "6": 0.22021660649819494,
            "7": 0.3322784810126582,
            "8": 0.44313725490196076,
            "9": 0.28541666666666665,
            "10": 0.17277486910994763,
            "11": 0.42212518195050946,
            "12": 0.18303571428571427,
            "13": 0.33858267716535434,
            "14": 0.3972602739726027,
            "15": 0.2660098522167488,
            "16": 0.2978723404255319,
            "17": 0.22666666666666666,
            "18": 0.33986928104575165,
            "19": 0.4435028248587571,
            "20": 0.3979381443298969,
            "21": 0.3651050080775444,
            "22": 0.3177570093457944,
            "23": 0.3834355828220859,
            "24": 0.38613861386138615,
            "25": 0.4377880184331797,
            "26": 0.27074235807860264,
            "27": 0.1921921921921922,
            "28": 0.35013623978201636,
            "29": 0.3128834355828221,
            "30": 0.22943722943722944,
            "31": 0.3202614379084967,
            "stats": {
                "mean": 0.3302358446002548,
                "std": 0.08567712785871875,
                "max": 0.4708029197080292,
                "argmax": 5.0,
                "min": 0.17277486910994763,
                "argmin": 10.0
            }
        },
        "GPE": {
            "0": 0.0,
            "1": 0.625,
            "2": 1.0,
            "3": NaN,
            "4": 0.625,
            "5": 0.25,
            "6": 0.45454545454545453,
            "7": 0.7777777777777778,
            "8": 0.0,
            "9": 0.7857142857142857,
            "10": NaN,
            "11": 0.34545454545454546,
            "12": 0.6666666666666666,
            "13": 0.38095238095238093,
            "14": 0.17857142857142858,
            "15": 1.0,
            "16": 0.13953488372093023,
            "17": 0.42857142857142855,
            "18": 0.5,
            "19": 0.17391304347826086,
            "20": 0.14285714285714285,
            "21": 0.4090909090909091,
            "22": 0.13333333333333333,
            "23": 0.37037037037037035,
            "24": 0.5555555555555556,
            "25": 0.0,
            "26": 0.30434782608695654,
            "27": 0.4444444444444444,
            "28": 0.1702127659574468,
            "29": 0.1875,
            "30": 0.6428571428571429,
            "31": 0.6666666666666666,
            "stats": {
                "mean": NaN,
                "std": NaN,
                "max": NaN,
                "argmax": 3.0,
                "min": NaN,
                "argmin": 3.0
            }
        },
        "FFE": {
            "0": 0.45217391304347826,
            "1": 0.4085872576177285,
            "2": 0.5185185185185185,
            "3": 0.21717171717171718,
            "4": 0.29975429975429974,
            "5": 0.4781021897810219,
            "6": 0.23826714801444043,
            "7": 0.35443037974683544,
            "8": 0.44313725490196076,
            "9": 0.30833333333333335,
            "10": 0.17277486910994763,
            "11": 0.4497816593886463,
            "12": 0.20982142857142858,
            "13": 0.35958005249343833,
            "14": 0.4070450097847358,
            "15": 0.31527093596059114,
            "16": 0.30851063829787234,
            "17": 0.23666666666666666,
            "18": 0.3464052287581699,
            "19": 0.4548022598870056,
            "20": 0.4041237113402062,
            "21": 0.37964458804523427,
            "22": 0.32242990654205606,
            "23": 0.41411042944785276,
            "24": 0.40594059405940597,
            "25": 0.4377880184331797,
            "26": 0.30131004366812225,
            "27": 0.2042042042042042,
            "28": 0.36103542234332425,
            "29": 0.3220858895705521,
            "30": 0.2683982683982684,
            "31": 0.3333333333333333,
            "stats": {
                "mean": 0.3479230990683617,
                "std": 0.08727359564362902,
                "max": 0.5185185185185185,
                "argmax": 2.0,
                "min": 0.17277486910994763,
                "argmin": 10.0
            }
        },
        "DTW": {
            "0": 3.302051544189453,
            "1": 4.505373001098633,
            "2": 30.537988662719727,
            "3": 14.43210506439209,
            "4": 6.337897777557373,
            "5": 5.33901834487915,
            "6": 3.6356446743011475,
            "7": 8.150067329406738,
            "8": 7.533812999725342,
            "9": 6.235018730163574,
            "10": 1.438976764678955,
            "11": 4.9155778884887695,
            "12": 2.574615716934204,
            "13": 6.261135578155518,
            "14": 3.102092981338501,
            "15": 8.543194770812988,
            "16": 3.4839470386505127,
            "17": 3.660059928894043,
            "18": 2.228095769882202,
            "19": 4.1803789138793945,
            "20": 5.479276180267334,
            "21": 4.39091682434082,
            "22": 2.2861242294311523,
            "23": 4.1968793869018555,
            "24": 3.9660303592681885,
            "25": 5.185210704803467,
            "26": 2.979398727416992,
            "27": 4.530533313751221,
            "28": 5.080254554748535,
            "29": 4.538115978240967,
            "30": 4.184187412261963,
            "31": 3.181820869445801,
            "stats": {
                "mean": 5.637368813157082,
                "std": 5.061778202851065,
                "max": 30.537988662719727,
                "argmax": 2.0,
                "min": 1.438976764678955,
                "argmin": 10.0
            }
        },
        "MSD": {
            "0": 2.6575539112091064,
            "1": 2.6023366451263428,
            "2": 3.8844995498657227,
            "3": 3.1084489822387695,
            "4": 2.579033613204956,
            "5": 2.8199610710144043,
            "6": 2.729058027267456,
            "7": 2.2300188541412354,
            "8": 2.7221429347991943,
            "9": 2.515662670135498,
            "10": 2.4399354457855225,
            "11": 2.5400545597076416,
            "12": 3.171781301498413,
            "13": 2.76528000831604,
            "14": 2.8203747272491455,
            "15": 2.940558433532715,
            "16": 2.5482192039489746,
            "17": 3.476703405380249,
            "18": 2.5631790161132812,
            "19": 2.4821665287017822,
            "20": 2.530254364013672,
            "21": 2.8698458671569824,
            "22": 2.4370508193969727,
            "23": 2.537904977798462,
            "24": 2.5983827114105225,
            "25": 2.8744466304779053,
            "26": 2.989039897918701,
            "27": 2.3478004932403564,
            "28": 2.7284128665924072,
            "29": 2.389373540878296,
            "30": 2.5613808631896973,
            "31": 2.9736289978027344,
            "stats": {
                "mean": 2.7323278412222862,
                "std": 0.331223430752879,
                "max": 3.8844995498657227,
                "argmax": 2.0,
                "min": 2.2300188541412354,
                "argmin": 7.0
            }
        },
        "MCD": {
            "0": 5.846853733062744,
            "1": 5.672297954559326,
            "2": 8.285276412963867,
            "3": 6.838824272155762,
            "4": 5.5767316818237305,
            "5": 5.50620174407959,
            "6": 5.957145690917969,
            "7": 4.584933757781982,
            "8": 5.830340385437012,
            "9": 5.378389835357666,
            "10": 5.4808197021484375,
            "11": 5.080811977386475,
            "12": 7.219382286071777,
            "13": 5.822190761566162,
            "14": 5.866870403289795,
            "15": 6.303082466125488,
            "16": 5.2668023109436035,