{
    "tts_objecive_metrics": {
        "VDE": {
            "0": 0.29130434782608694,
            "1": 0.31163434903047094,
            "2": 0.3786008230452675,
            "3": 0.21212121212121213,
            "4": 0.29975429975429974,
            "5": 0.33211678832116787,
            "6": 0.3104693140794224,
            "7": 0.2310126582278481,
            "8": 0.3843137254901961,
            "9": 0.3104166666666667,
            "10": 0.225130890052356,
            "11": 0.35953420669577874,
            "12": 0.24553571428571427,
            "13": 0.30708661417322836,
            "14": 0.31898238747553814,
            "15": 0.24630541871921183,
            "16": 0.28900709219858156,
            "17": 0.2833333333333333,
            "18": 0.369281045751634,
            "19": 0.4435028248587571,
            "20": 0.32783505154639175,
            "21": 0.32310177705977383,
            "22": 0.32710280373831774,
            "23": 0.3374233128834356,
            "24": 0.3702970297029703,
            "25": 0.41935483870967744,
            "26": 0.31877729257641924,
            "27": 0.3153153153153153,
            "28": 0.3760217983651226,
            "29": 0.22085889570552147,
            "30": 0.26406926406926406,
            "31": 0.3431372549019608,
            "stats": {
                "mean": 0.31539807333377945,
                "std": 0.055693335326536135,
                "max": 0.4435028248587571,
                "argmax": 19.0,
                "min": 0.21212121212121213,
                "argmin": 3.0
            }
        },
        "GPE": {
            "0": 1.0,
            "1": 0.3170731707317073,
            "2": 1.0,
            "3": 1.0,
            "4": 0.6,
            "5": 1.0,
            "6": 0.0,
            "7": 0.0,
            "8": NaN,
            "9": 0.2857142857142857,
            "10": NaN,
            "11": 0.4642857142857143,
            "12": NaN,
            "13": 0.5909090909090909,
            "14": 0.13513513513513514,
            "15": 1.0,
            "16": 0.07407407407407407,
            "17": 0.0,
            "18": 0.4230769230769231,
            "19": 0.25,
            "20": 0.25806451612903225,
            "21": 0.2,
            "22": 0.06451612903225806,
            "23": 0.23684210526315788,
            "24": 0.2564102564102564,
            "25": 0.9473684210526315,
            "26": 0.13636363636363635,
            "27": 0.15384615384615385,
            "28": 0.14814814814814814,
            "29": 0.041666666666666664,
            "30": 0.8235294117647058,
            "31": 0.07142857142857142,
            "stats": {
                "mean": NaN,
                "std": NaN,
                "max": NaN,
                "argmax": 8.0,
                "min": NaN,
                "argmin": 8.0
            }
        },
        "FFE": {
            "0": 0.45217391304347826,
            "1": 0.3296398891966759,
            "2": 0.41975308641975306,
            "3": 0.2474747474747475,
            "4": 0.3071253071253071,
            "5": 0.33941605839416056,
            "6": 0.3104693140794224,
            "7": 0.2310126582278481,
            "8": 0.3843137254901961,
            "9": 0.3145833333333333,
            "10": 0.225130890052356,
            "11": 0.3784570596797671,
            "12": 0.24553571428571427,
            "13": 0.34120734908136485,
            "14": 0.3287671232876712,
            "15": 0.2512315270935961,
            "16": 0.2925531914893617,
            "17": 0.2833333333333333,
            "18": 0.40522875816993464,
            "19": 0.4632768361581921,
            "20": 0.3443298969072165,
            "21": 0.3295638126009693,
            "22": 0.3317757009345794,
            "23": 0.36503067484662577,
            "24": 0.3900990099009901,
            "25": 0.5023041474654378,
            "26": 0.3318777292576419,
            "27": 0.3213213213213213,
            "28": 0.3814713896457766,
            "29": 0.22392638036809817,
            "30": 0.3246753246753247,
            "31": 0.3464052287581699,
            "stats": {
                "mean": 0.33573326350307386,
                "std": 0.0674415333558396,
                "max": 0.5023041474654378,
                "argmax": 25.0,
                "min": 0.22392638036809817,
                "argmin": 29.0
            }
        },
        "DTW": {
            "0": 6.056426525115967,
            "1": 3.702751398086548,
            "2": 42.85117721557617,
            "3": 11.042587280273438,
            "4": 5.298008918762207,
            "5": 5.977642059326172,
            "6": 4.279174327850342,
            "7": 4.934520721435547,
            "8": 6.559091091156006,
            "9": 5.537421226501465,
            "10": 7.151341438293457,
            "11": 4.041607856750488,
            "12": 6.311286449432373,
            "13": 5.838134765625,
            "14": 4.2244486808776855,
            "15": 6.111699104309082,
            "16": 3.6592230796813965,
            "17": 3.2396504878997803,
            "18": 3.8628907203674316,
            "19": 5.313992977142334,
            "20": 4.009442329406738,
            "21": 6.748508453369141,
            "22": 3.957760810852051,
            "23": 7.219698429107666,
            "24": 6.626675128936768,
            "25": 4.4374566078186035,
            "26": 2.79667329788208,
            "27": 6.083806037902832,
            "28": 4.0496344566345215,
            "29": 3.5215978622436523,
            "30": 3.4498510360717773,
            "31": 4.157201290130615,
            "stats": {
                "mean": 6.345355689525604,
                "std": 6.754007996446316,
                "max": 42.85117721557617,
                "argmax": 2.0,
                "min": 2.79667329788208,
                "argmin": 26.0
            }
        },
        "MSD": {
            "0": 2.62864089012146,
            "1": 2.2772178649902344,
            "2": 4.404177188873291,
            "3": 2.8382716178894043,
            "4": 2.2686667442321777,
            "5": 2.5807673931121826,
            "6": 2.5078108310699463,
            "7": 2.3948168754577637,
            "8": 2.240112781524658,
            "9": 2.4285473823547363,
            "10": 3.2880377769470215,
            "11": 2.2930691242218018,
            "12": 2.416273832321167,
            "13": 2.4036598205566406,
            "14": 2.2226526737213135,
            "15": 2.304389238357544,
            "16": 2.5245490074157715,
            "17": 2.988644599914551,
            "18": 2.479569673538208,
            "19": 2.3710761070251465,
            "20": 2.5525171756744385,
            "21": 2.639051675796509,
            "22": 2.3934128284454346,
            "23": 2.8653557300567627,
            "24": 3.0042712688446045,
            "25": 3.17583966255188,
            "26": 3.350411891937256,
            "27": 2.849595069885254,
            "28": 3.0828306674957275,
            "29": 3.1505115032196045,
            "30": 3.069119691848755,
            "31": 3.3059780597686768,
            "stats": {
                "mean": 2.72812020778656,
                "std": 0.4608599688006571,
                "max": 4.404177188873291,
                "argmax": 2.0,
                "min": 2.2226526737213135,
                "argmin": 14.0
            }
        },
        "MCD": {
            "0": 5.6608052253723145,
            "1": 4.79292631149292,
            "2": 8.081391334533691,
            "3": 6.05452299118042,
            "4": 4.764020919799805,
            "5": 5.465050220489502,
            "6": 5.450911998748779,
            "7": 5.166614532470703,
            "8": 4.614310264587402,
            "9": 5.147817611694336,
            "10": 7.525822639465332,
            "11": 4.785080909729004,
            "12": 5.139551162719727,
            "13": 4.732983589172363,
            "14": 4.5772199630737305,
            "15": 4.6593756675720215,
            "16": 5.44415283203125,
            "17": 6.801609992980957,
            "18": 5.339624881744385,